LX/02Be;	8b6c778e5baf2fd5de13f7378d5c504080b972fc17040ab675e086c926ef5c86
LX/02ej;	12cc1965eef276a68bc345f97fbc1d1d6bd808bcd131de1240401cfff2440e73
LX/06wd;	3cfdb83d8a5f6c876fe67717e4ae9a198631dd05ad1106d2fcb4065d3ed315a4
LX/0BPc;	4c2c4b09efe72ba792faecf90bbc0bea30e9500266ffefc0b47b2baa902f8378
LX/Acjo;	f35471f291cb1c3d38b6b5271cd6bbd474d9913108daa2cf16a0ac16c7cb22f5
LX/Ag31;	c23421736922c9c48002827f60da8fafa55f78af62e9ac82d7c6c5d9fc5bb864
LX/Aia4;	da53c50532cc708d42670b738c021954aa3f7f6f0ee61c03665f83fd3ef70808
LX/Ail9;	25b87ad0bb42e91336581297be34ae1595c2b3be17163db13f42b33b5be48b0e
LX/Aipl;	c94224b953302fc764945ac1ebda988a1126d50873682adbe1e919f16a810521
LX/Akv3;	714613f36eb6595b78f55bfedecb792cdc945f29f105c920e9dc7eaf638fb36f
LX/Akw2;	288f075cc1872245be59eef6ac80699e988f7ee0de84c27c82193172130e2a0b
LX/Apw3;	d98ed6a7a4fdd747b803897f23a808c7f93a74870fba35f45c99310ec8bb0ae4
LX/Asie;	c2562df28cbb5ac4a98d09a0e947d0026272b3c220b3d133701baabd6466b7c9
LX/Atgk;	fd8a0c02953e1311bd7b1ae3b77b3f9940202ed8dfdffcbd9af16971dd3d8485
LX/Auil;	f12ee564f0443f9f33956754855ff2e727d6a169a186be7d954d7c1545b6e9ca
LX/Avnd;	47bf6b5a87c01c6633a6bf26228d1893f2ad2ce11958756c0c562324c26324f8
LX/dw;	4260bb4a82375984c9f68e491ed70a3851255a2c337fb7a9b7f698065eb1632a
LX/g2;	6c9fee37ce4ca8875beb2c8aeaee35c8b5b026814ad88862fc60899bb3a31e51
LX/hf;	17d38fc0c1a3a1cf2181c8fd32d9b380e3422ec44a68d67b9ab65aee8f861e8f
LX/im;	2aeb950d11e5e4b31cc4498707fc508ba79d0fba3d6945049889c0964def28c0
LX/vj;	0d318289e53c0bb6b8946f15310af6a15d48e0212be60efff5d719ea7bbcf2bd
Lcom/instagram/business/activity/Apo3;	0c1d6a6bd898d610d82bfa967c32e3211344b8fae8bfed824a381c9d7e609055
Lcom/instagram/mainactivity/LauncherActivity;	d4d6a9d6ab9eb24e835e5b279590ca820caf865c475882adaaf8f61beee18640
